alcak001,Alcantara,Kevin,R,R,CHN,OF
almoy001,Almonte,Yency,R,R,CHN,P
alzoa001,Alzolay,Adbert,R,R,CHN,P
amaym001,Amaya,Miguel,R,R,CHN,C
armss001,Armstrong,Shawn,R,R,CHN,P
assaj001,Assad,Javier,R,R,CHN,P
bellc002,Bellinger,Cody,L,L,CHN,OF
bethc001,Bethancourt,Christian,R,R,CHN,C
biggh001,Bigge,Hunter,R,R,CHN,P
boted002,Bote,David,R,R,CHN,3B
brewc002,Brewer,Colten,R,R,CHN,P
browb006,Brown,Ben,R,R,CHN,P
buscm003,Busch,Michael,L,R,CHN,1B
canaa001,Canario,Alexander,R,R,CHN,OF
coopg002,Cooper,Garrett,R,R,CHN,OF
crowp001,Crow-Armstrong,Pete,L,L,CHN,OF
cuasj001,Cuas,Jose,R,R,CHN,P
gomey001,Gomes,Yan,R,R,CHN,C
happi001,Happ,Ian,B,R,CHN,OF
hendk001,Hendricks,Kyle,R,R,CHN,P
hodgp001,Hodge,Porter,R,R,CHN,P
hoern001,Hoerner,Nico,R,R,CHN,2B
hollg002,Hollowell,Gavin,R,R,CHN,P
imans001,Imanaga,Shota,L,L,CHN,P
kilic001,Kilian,Caleb,R,R,CHN,P
leitm002,Leiter,Mark,R,R,CHN,P
littl001,Little,Luke,L,L,CHN,P
lopej004,Lopez,Jorge,R,R,CHN,P
lover001,Lovelady,Richard,L,L,CHN,P
madrn001,Madrigal,Nick,R,R,CHN,3B
mastm001,Mastrobuoni,Miles,L,R,CHN,2B
merrj001,Merryweather,Julian,R,R,CHN,P
mervm001,Mervis,Matt,L,R,CHN,DH
millt003,Miller,Tyson,R,R,CHN,P
morec001,Morel,Christopher,R,R,CHN,3B
neelj001,Neely,Jack,R,R,CHN,P
nerih001,Neris,Hector,R,R,CHN,P
nidot001,Nido,Tomas,R,R,CHN,C
paled001,Palencia,Daniel,R,R,CHN,P
paree003,Paredes,Enoli,R,R,CHN,P
parei001,Paredes,Isaac,R,R,CHN,3B
pearn001,Pearson,Nate,R,R,CHN,P
robee001,Roberts,Ethan,R,R,CHN,P
smyld001,Smyly,Drew,L,L,CHN,P
steej002,Steele,Justin,L,L,CHN,P
suzus001,Suzuki,Seiya,R,R,CHN,OF
swand001,Swanson,Dansby,R,R,CHN,SS
tailj001,Taillon,Jameson,R,R,CHN,P
taucm001,Tauchman,Mike,L,L,CHN,OF
thomk002,Thompson,Keegan,R,R,CHN,P
tinoj001,Tinoco,Jesus,R,R,CHN,P
vazql001,Vazquez,Luis,R,R,CHN,SS
wesnh001,Wesneski,Hayden,R,R,CHN,P
wickj001,Wicks,Jordan,L,L,CHN,P
wingt001,Wingenter,Trey,R,R,CHN,P
wisdp001,Wisdom,Patrick,R,R,CHN,SS
