allel003,Allen,Logan,R,L,CLE,P
ariag002,Arias,Gabriel,R,R,CLE,3B
avilp001,Avila,Pedro,R,R,CLE,P
barls001,Barlow,Scott,R,R,CLE,P
beedt001,Beede,Tyler,R,R,CLE,P
bibet001,Bibee,Tanner,R,R,CLE,P
biebs001,Bieber,Shane,R,R,CLE,P
boydm001,Boyd,Matt,L,L,CLE,P
brenw002,Brennan,Will,L,L,CLE,OF
cantj002,Cantillo,Joey,L,L,CLE,P
carrc003,Carrasco,Carlos,R,R,CLE,P
clase001,Clase,Emmanuel,R,R,CLE,P
cobba001,Cobb,Alex,R,R,CLE,P
currx001,Curry,Xzavion,R,R,CLE,P
flore001,Florial,Estevan,L,R,CLE,OF
freet001,Freeman,Tyler,R,R,CLE,OF
fry-d001,Fry,David,R,R,CLE,PH
gaddh001,Gaddis,Hunter,R,R,CLE,P
gillc003,Gillispie,Connor,R,R,CLE,P
gimea001,Gimenez,Andres,L,R,CLE,2B
gosea001,Gose,Anthony,L,L,CLE,P
hedga001,Hedges,Austin,R,R,CLE,C
hents001,Hentges,Sam,L,L,CLE,P
herrt002,Herrin,Tim,L,L,CLE,P
howas003,Howard,Spencer,R,R,CLE,P
kwans001,Kwan,Steven,L,L,CLE,OF
laurr001,Laureano,Ramon,R,R,CLE,OF
liveb001,Lively,Ben,R,R,CLE,P
manzk001,Manzardo,Kyle,L,R,CLE,DH
marta008,Martinez,Angel,B,R,CLE,OF
mccad002,McCaughan,Darren,R,R,CLE,P
mcket001,McKenzie,Triston,R,R,CLE,P
morge001,Morgan,Eli,R,R,CLE,P
naylb001,Naylor,Bo,L,R,CLE,C
naylj001,Naylor,Josh,L,L,CLE,1B
noelj001,Noel,Jhonkensy,R,R,CLE,OF
parsw001,Parsons,Wes,R,R,CLE,P
ramij003,Ramirez,Jose,B,R,CLE,3B
roccb001,Rocchio,Brayan,B,R,CLE,SS
rodrj009,Rodriguez,Johnathan,R,R,CLE,OF
sabre001,Sabrowski,Erik,R,L,CLE,P
sandn001,Sandlin,Nick,R,R,CLE,P
schnd002,Schneemann,Daniel,L,R,CLE,OF
smitc009,Smith,Cade,R,R,CLE,P
stram002,Straw,Myles,R,R,CLE,OF
strzp001,Strzelecki,Peter,R,R,CLE,P
tenaj001,Tena,Jose,L,R,CLE,3B
thoml002,Thomas,Lane,R,R,CLE,OF
walta001,Walters,Andrew,R,R,CLE,P
willg004,Williams,Gavin,L,R,CLE,P
