badda001,Baddoo,Akil,L,L,DET,OF
baezj001,Baez,Javier,R,R,DET,SS
brieb001,Brieske,Beau,R,R,DET,P
canhm001,Canha,Mark,R,R,DET,OF
carpk001,Carpenter,Kerry,L,R,DET,OF
chafa001,Chafin,Andrew,R,L,DET,P
dingd001,Dingler,Dillon,R,R,DET,C
englm001,Englert,Mason,B,R,DET,P
faeda001,Faedo,Alex,R,R,DET,P
flahj002,Flaherty,Jack,R,R,DET,P
folej001,Foley,Jason,R,R,DET,P
greer003,Greene,Riley,L,L,DET,OF
guens001,Guenther,Sean,L,L,DET,P
hanib001,Hanifee,Brenan,R,R,DET,P
holtt002,Holton,Tyler,L,L,DET,P
hurtb001,Hurter,Brant,L,L,DET,P
ibana001,Ibanez,Andy,R,R,DET,P
jobej001,Jobe,Jackson,R,R,DET,P
jungj002,Jung,Jace,L,R,DET,3B
keitc001,Keith,Colt,L,R,DET,2B
kellc002,Kelly,Carson,R,R,DET,C
kennb002,Kennedy,Buddy,R,R,DET,PH
kreir001,Kreidler,Ryan,R,R,DET,SS
langa001,Lange,Alex,R,R,DET,P
lucae002,Lucas,Easton,L,L,DET,P
maddt001,Madden,Ty,R,R,DET,P
madrb002,Madris,Bligh,L,R,DET,1B
maedk001,Maeda,Kenta,R,R,DET,P
mallj001,Malloy,Justyn-Henry,R,R,DET,DH
mannm001,Manning,Matt,R,R,DET,P
mckiz001,McKinstry,Zach,L,R,DET,OF
meadp001,Meadows,Parker,L,R,DET,OF
mills001,Miller,Shelby,R,R,DET,P
mizec001,Mize,Casey,R,R,DET,P
montk001,Montero,Keider,R,R,DET,P
olsor001,Olson,Reese,R,R,DET,P
perew002,Perez,Wenceel,B,R,DET,OF
rogej004,Rogers,Jake,R,R,DET,C
sammb001,Sammons,Bryan,L,L,DET,P
skubt001,Skubal,Tarik,R,L,DET,P
sweet001,Sweeney,Trey,L,R,DET,SS
torks001,Torkelson,Spencer,R,R,DET,1B
urshg001,Urshela,Gio,R,R,DET,3B
vanar001,Vanasco,Ricky,R,R,DET,P
vestw001,Vest,Will,R,R,DET,P
vierm001,Vierling,Matt,R,R,DET,OF
vilar001,Vilade,Ryan,R,R,DET,OF
wentj001,Wentz,Joey,L,L,DET,P
