alexc001,Alexander,CJ,L,R,KCA,3B
altad001,Altavilla,Dan,R,R,KCA,P
anden001,Anderson,Nick,R,R,KCA,P
bland001,Blanco,Dairon,R,R,KCA,OF
bowlj001,Bowlan,Jonathan,R,R,KCA,P
bubik001,Bubic,Kris,L,L,KCA,P
cruzs001,Cruz,Steven,R,R,KCA,P
dejop001,DeJong,Paul,R,R,KCA,3B
dufft001,Duffey,Tyler,R,R,KCA,P
ercel001,Erceg,Lucas,L,R,KCA,P
fermf002,Fermin,Freddy,R,R,KCA,C
fraza001,Frazier,Adam,L,R,KCA,1B
garcm003,Garcia,Maikel,R,R,KCA,3B
gentt001,Gentry,Tyler,R,R,KCA,OF
grosr001,Grossman,Robbie,B,L,KCA,DH
gurry001,Gurriel,Yuli,R,R,KCA,1B
hampg001,Hampson,Garrett,R,R,KCA,OF
harvh001,Harvey,Hunter,R,R,KCA,P
hernc006,Hernandez,Carlos,R,R,KCA,P
isbek001,Isbel,Kyle,L,R,KCA,OF
kleiw001,Klein,Will,R,R,KCA,P
loftn001,Loftin,Nick,R,R,KCA,P
longs002,Long,Sam,L,L,KCA,P
lorem002,Lorenzen,Michael,R,R,KCA,P
lugos001,Lugo,Seth,R,R,KCA,P
lylej001,Lyles,Jordan,R,R,KCA,P
lyncd001,Lynch,Daniel,L,L,KCA,P
marsa001,Marsh,Alec,R,R,KCA,P
massm001,Massey,Michael,L,R,KCA,2B
mcarj001,McArthur,James,R,R,KCA,P
melem001,Melendez,MJ,L,R,KCA,OF
pasqv001,Pasquantino,Vinnie,L,L,KCA,1B
pennw002,Pennington,Walter,L,L,KCA,P
peres002,Perez,Salvador,R,R,KCA,C
phamt001,Pham,Tommy,R,R,KCA,OF
pratn001,Pratto,Nick,L,L,KCA,P
ragac001,Ragans,Cole,L,L,KCA,P
renfh001,Renfroe,Hunter,R,R,KCA,OF
sauem001,Sauer,Matt,R,R,KCA,P
schrj001,Schreiber,John,R,R,KCA,P
selbc001,Selby,Colin,R,R,KCA,P
singb001,Singer,Brady,R,R,KCA,P
smitw002,Smith,Will,R,L,KCA,P
strac001,Stratton,Chris,R,R,KCA,P
velan001,Velazquez,Nelson,R,R,KCA,DH
venea001,Veneziano,Anthony,L,L,KCA,P
wachm001,Wacha,Michael,R,R,KCA,P
wated001,Waters,Drew,B,R,KCA,OF
wittb002,Witt,Bobby,R,R,KCA,SS
zerpa001,Zerpa,Angel,L,L,KCA,P
