andes002,Anderson,Shaun,R,R,MIA,P
andet001,Anderson,Tim,R,R,MIA,SS
andrm001,Andriese,Matt,R,R,MIA,P
arral001,Arraez,Luis,L,R,MIA,2B
bachl001,Bachar,Lake,R,R,MIA,P
baumm001,Baumann,Mike,R,R,MIA,P
bellj005,Bell,Josh,B,R,MIA,1B
bellv001,Bellozo,Valente,R,R,MIA,P
benda001,Bender,Anthony,R,R,MIA,P
bermj001,Bermudez,Jonathan,L,L,MIA,P
bethc001,Bethancourt,Christian,R,R,MIA,C
brazh001,Brazoban,Huascar,R,R,MIA,P
bridj001,Bride,Jonah,R,R,MIA,1B
brujv001,Brujan,Vidal,B,R,MIA,P
burgj001,Burger,Jake,R,R,MIA,1B
cabre003,Cabrera,Edward,R,R,MIA,P
charj001,Chargois,J. T.,B,R,MIA,P
chiry001,Chirinos,Yonny,R,R,MIA,P
chisj001,Chisholm,Jazz,L,R,MIA,OF
conig001,Conine,Griffin,L,R,MIA,OF
crond001,Cronin,Declan,R,R,MIA,P
currx001,Curry,Xzavion,R,R,MIA,P
delab001,De La Cruz,Bryan,R,R,MIA,OF
devej001,Devers,Jose,L,R,MIA,P
edwax001,Edwards,Xavier,B,R,MIA,SS
emank001,Emanuel,Kent,L,L,MIA,P
faucc001,Faucher,Calvin,R,R,MIA,P
fortn001,Fortes,Nick,R,R,MIA,C
garca003,Garcia,Avisail,R,R,MIA,OF
garrb001,Garrett,Braxton,R,L,MIA,P
gordn001,Gordon,Nick,L,R,MIA,OF
grayt001,Gray,Tristan,L,R,MIA,3B
gutiv001,Gutierrez,Vladimir,R,R,MIA,P
hensd002,Hensley,David,R,R,MIA,OF
hilld002,Hill,Derek,R,R,MIA,OF
hoeib001,Hoeing,Bryan,R,R,MIA,P
kitca001,Kitchen,Austin,L,L,MIA,P
lopeo001,Lopez,Otto,R,R,MIA,2B
luzaj001,Luzardo,Jesus,L,L,MIA,P
malda001,Maldonado,Anthony,R,R,MIA,P
mccad002,McCaughan,Darren,R,R,MIA,P
mcmij001,McMillon,John,L,R,MIA,P
meyem001,Meyer,Max,L,R,MIA,P
munor001,Munoz,Roddery,R,R,MIA,P
myerd001,Myers,Dane,R,R,MIA,OF
narda001,Nardi,Andrew,L,L,MIA,P
norbc001,Norby,Connor,R,R,MIA,3B
ollea001,Oller,Adam,R,R,MIA,P
pachc001,Pache,Cristian,R,R,MIA,OF
perej004,Pereda,Jhonny,R,R,MIA,C
petem001,Petersen,Michael,R,R,MIA,P
puk-a001,Puk,A. J.,L,L,MIA,P
ramie006,Ramirez,Emmanuel,R,R,MIA,P
rivee001,Rivera,Emmanuel,R,R,MIA,3B
roget003,Rogers,Trevor,L,L,MIA,P
sanca009,Sanchez,Ali,R,R,MIA,C
sancj003,Sanchez,Jesus,L,R,MIA,OF
sancs001,Sanchez,Sixto,R,R,MIA,P
sanoj001,Sanoja,Javier,R,R,MIA,P
scott003,Scott,Tanner,R,L,MIA,P
smitb005,Smith,Burch,R,R,MIA,P
sorig001,Soriano,George,R,R,MIA,P
stowk001,Stowers,Kyle,L,L,MIA,OF
tinoj001,Tinoco,Jesus,R,R,MIA,P
tylek001,Tyler,Kyle,R,R,MIA,P
venea001,Veneziano,Anthony,L,L,MIA,P
ville003,Villalobos,Eli,R,R,MIA,P
wallf001,Wall,Forrest,L,R,MIA,OF
weatr001,Weathers,Ryan,R,L,MIA,P
degeb001,de Geus,Brett,R,R,MIA,P
