adamw002,Adames,Willy,R,R,MIL,SS
ashba003,Ashby,Aaron,R,L,MIL,P
bauej001,Bauers,Jake,L,L,MIL,1B
blact003,Black,Tyler,L,R,MIL,DH
blalb001,Blalock,Bradley,R,R,MIL,P
bukaj001,Bukauskas,J. B.,R,R,MIL,P
caprv001,Capra,Vinny,R,R,MIL,3B
chouj001,Chourio,Jackson,R,R,MIL,OF
civaa001,Civale,Aaron,R,R,MIL,P
colli001,Collins,Isaac,B,R,MIL,PH
contw002,Contreras,William,R,R,MIL,C
dunno001,Dunn,Oliver,L,R,MIL,3B
frels001,Frelick,Sal,L,R,MIL,OF
gassr001,Gasser,Robert,L,L,MIL,P
haase001,Haase,Eric,R,R,MIL,C
halld004,Hall,DL,L,L,MIL,P
hergk001,Herget,Kevin,L,R,MIL,P
herne002,Hernandez,Elieser,R,R,MIL,P
hickb003,Hicklen,Brewer,R,R,MIL,OF
hoskr001,Hoskins,Rhys,R,R,MIL,1B
hudsb001,Hudson,Bryan,L,L,MIL,P
jay-t001,Jay,Tyler,L,L,MIL,P
junij001,Junis,Jakob,R,R,MIL,P
junkj001,Junk,Janson,R,R,MIL,P
keucd001,Keuchel,Dallas,L,L,MIL,P
koenj001,Koenig,Jared,R,L,MIL,P
mearn001,Mears,Nick,R,R,MIL,P
meekj001,Meeker,James,R,R,MIL,P
megit001,Megill,Trevor,L,R,MIL,P
milew001,Miley,Wade,L,L,MIL,P
millo002,Miller,Owen,R,R,MIL,1B
milnh001,Milner,Hoby,L,L,MIL,P
mitcg001,Mitchell,Garrett,L,R,MIL,OF
monaa001,Monasterio,Andruw,R,R,MIL,P
montf001,Montas,Frankie,R,R,MIL,P
myert001,Myers,Tobias,R,R,MIL,P
ortij005,Ortiz,Joey,R,R,MIL,3B
paree003,Paredes,Enoli,R,R,MIL,P
payaj001,Payamps,Joel,R,R,MIL,P
pegue001,Peguero,Elvis,R,R,MIL,P
peraf001,Peralta,Freddy,R,R,MIL,P
perkb002,Perkins,Blake,B,R,MIL,OF
rea-c001,Rea,Colin,R,R,MIL,P
rodrc003,Rodriguez,Carlos,R,R,MIL,P
rollc001,Roller,Chris,R,R,MIL,PH
rossj002,Ross,Joe,R,R,MIL,P
sancg002,Sanchez,Gary,R,R,MIL,DH
turab002,Turang,Brice,L,R,MIL,2B
uriba001,Uribe,Abner,R,R,MIL,P
vieit001,Vieira,Thyago,R,R,MIL,P
whitm004,White,Mitch,R,R,MIL,P
wiemj001,Wiemer,Joey,R,R,MIL,OF
willd004,Williams,Devin,R,R,MIL,P
wilsb003,Wilson,Bryse,R,R,MIL,P
yelic001,Yelich,Christian,L,R,MIL,OF
zastr001,Zastryzny,Rob,R,L,MIL,P
