arozr001,Arozarena,Randy,R,R,SEA,OF
baumm001,Baumann,Mike,R,R,SEA,P
bazae001,Bazardo,Eduard,R,R,SEA,P
blisr001,Bliss,Ryan,R,R,SEA,2B
boltc001,Bolton,Cody,R,R,SEA,P
bowmm001,Bowman,Matthew,R,R,SEA,P
canzd001,Canzone,Dominic,L,R,SEA,OF
castl003,Castillo,Luis,R,R,SEA,P
charj001,Chargois,J. T.,B,R,SEA,P
clasj001,Clase,Jonatan,B,R,SEA,OF
crawj002,Crawford,J. P.,L,R,SEA,SS
diazj007,Diaz,Jhonathan,L,L,SEA,P
frant002,France,Ty,R,R,SEA,1B
garcy001,Garcia,Yimi,R,R,SEA,P
garvm001,Garver,Mitch,R,R,SEA,DH
gilbl002,Gilbert,Logan,R,R,SEA,P
haggs001,Haggerty,Sam,B,R,SEA,OF
hance001,Hancock,Emerson,R,R,SEA,P
hanim001,Haniger,Mitch,R,R,SEA,OF
hernj004,Hernandez,Jonathan,R,R,SEA,P
kirbg001,Kirby,George,R,R,SEA,P
lockt001,Locklear,Tyler,R,R,SEA,1B
marlc001,Marlowe,Cade,L,R,SEA,OF
millb004,Miller,Bryce,R,R,SEA,P
millt003,Miller,Tyson,R,R,SEA,P
moord002,Moore,Dylan,R,R,SEA,P
munoa002,Munoz,Andres,R,R,SEA,P
polaj001,Polanco,Jorge,B,R,SEA,2B
ralec001,Raleigh,Cal,B,R,SEA,C
ralel001,Raley,Luke,L,R,SEA,OF
rival002,Rivas,Leo,B,R,SEA,SS
roblv001,Robles,Victor,R,R,SEA,OF
rodrj007,Rodriguez,Julio,R,R,SEA,OF
rojaj001,Rojas,Josh,L,R,SEA,3B
santg001,Santos,Gregory,R,R,SEA,P
sauct001,Saucedo,Tayler,L,L,SEA,P
sneak001,Snead,Kirby,L,L,SEA,P
snidc001,Snider,Collin,R,R,SEA,P
speig001,Speier,Gabe,L,L,SEA,P
stanr002,Stanek,Ryne,R,R,SEA,P
tayls003,Taylor,Samad,R,R,SEA,OF
taylt003,Taylor,Troy,R,R,SEA,P
thort002,Thornton,Trent,R,R,SEA,P
turnj001,Turner,Justin,R,R,SEA,1B
urial001,Urias,Luis,R,R,SEA,3B
voslj001,Vosler,Jason,L,R,SEA,SS
votha001,Voth,Austin,R,R,SEA,P
woo-b001,Woo,Bryan,R,R,SEA,P
zavas001,Zavala,Seby,R,R,SEA,C
degeb001,de Geus,Brett,R,R,SEA,P
