abrac001,Abrams,CJ,L,R,WAS,SS
adamr004,Adams,Riley,R,R,WAS,C
adonj001,Adon,Joan,R,R,WAS,P
baked003,Baker,Darren,L,R,WAS,PH
barnj002,Barnes,Jacob,R,R,WAS,P
barnm001,Barnes,Matt,R,R,WAS,P
blant002,Blankenhorn,Travis,L,R,WAS,DH
brzyz001,Brzykcy,Zach,R,R,WAS,P
calla002,Call,Alex,R,R,WAS,OF
chapa002,Chaparro,Andres,R,R,WAS,DH
corbp001,Corbin,Patrick,L,L,WAS,P
crewd001,Crews,Dylan,R,R,WAS,OF
ferrj002,Ferrer,Jose,L,L,WAS,P
finnk001,Finnegan,Kyle,R,R,WAS,P
flord002,Floro,Dylan,L,R,WAS,P
gallj002,Gallo,Joey,L,R,WAS,1B
garcl006,Garcia,Luis,L,R,WAS,2B
garcr008,Garcia,Robert,R,L,WAS,P
garrs003,Garrett,Stone,R,R,WAS,P
gorem001,Gore,MacKenzie,L,L,WAS,P
grayj004,Gray,Josiah,R,R,WAS,P
harvh001,Harvey,Hunter,R,R,WAS,P
herzd001,Herz,DJ,R,L,WAS,P
irvij001,Irvin,Jake,R,R,WAS,P
lasoj001,La Sorsa,Joe,L,L,WAS,P
law-d001,Law,Derek,R,R,WAS,P
lipst001,Lipscomb,Trey,R,R,WAS,3B
menej001,Meneses,Joey,R,R,WAS,1B
milld003,Millas,Drew,B,R,WAS,C
nunen001,Nunez,Nasim,B,R,WAS,SS
parkm001,Parker,Mitchell,L,L,WAS,P
raint003,Rainey,Tanner,R,R,WAS,P
ramih004,Ramirez,Harold,R,R,WAS,DH
ribao001,Ribalta,Orlando,R,R,WAS,P
roblv001,Robles,Victor,R,R,WAS,OF
rosae001,Rosario,Eddie,L,R,WAS,OF
ruizk001,Ruiz,Keibert,B,R,WAS,C
rutlj002,Rutledge,Jackson,R,R,WAS,P
salae001,Salazar,Eduardo,R,R,WAS,P
senzn001,Senzel,Nick,R,R,WAS,3B
tenaj001,Tena,Jose,L,R,WAS,3B
thoml002,Thomas,Lane,R,R,WAS,OF
vargi001,Vargas,Ildemaro,B,R,WAS,P
weemj001,Weems,Jordan,L,R,WAS,P
willt002,Williams,Trevor,R,R,WAS,P
willa004,Willingham,Amos,R,R,WAS,P
winkj002,Winker,Jesse,L,L,WAS,OF
woodj004,Wood,James,L,R,WAS,OF
yepej001,Yepez,Juan,R,R,WAS,1B
younj004,Young,Jacob,R,R,WAS,OF
